<?xml version="1.0" encoding="UTF-8"?>
<config>
  <apkg>
    <item>
      <procudt_id>0</procudt_id>
      <custom_id>20</custom_id>
      <model_id>1</model_id>
      <app_id>9</app_id>
      <user_control>0</user_control>
      <center_type>0</center_type>
      <individual_flag>0</individual_flag>
      <name>syncthing</name>
      <show>Syncthing</show>
      <enable>1</enable>
      <version>1.18.1</version>
      <date>20210808</date>
      <inst_date/>
      <path/>
      <ps_name/>
      <url>index.php</url>
      <url_port/>
      <apkg_version>2</apkg_version>
      <packager>Spa</packager>
      <email/>
      <homepage>https://www.syncthing.net</homepage>
      <inst_depend/>
      <inst_conflict/>
      <start_depend/>
      <start_conflict/>
      <description>Open Source Continuous File Synchronization</description>
      <icon>logo.png</icon>
      <MinFWVer/>
      <MaxFWVer/>
      <Hidden/>
    </item>
  </apkg>
</config>
